state,seat_number,district_name,district_abbr,incumbent_running,incumbent_elections_won,candidate_party,candidate_firstname,candidate_lastname
Alabama,1,Alabama's 1st,AL-01,None,4,DEM,James,Averhart
Alabama,1,Alabama's 1st,AL-01,None,4,REP,Jerry,Carl
Alabama,2,Alabama's 2nd,AL-02,None,5,DEM,Phyllis,Harvey-Hall
Alabama,2,Alabama's 2nd,AL-02,None,5,REP,Barry,Moore
Alabama,3,Alabama's 3rd,AL-03,REP,9,DEM,Adia,Winfrey
Alabama,3,Alabama's 3rd,AL-03,REP,9,REP,Mike,Rogers
Alabama,4,Alabama's 4th,AL-04,REP,12,DEM,Rick,Neighbors
Alabama,4,Alabama's 4th,AL-04,REP,12,REP,Robert,Aderholt
Alabama,5,Alabama's 5th,AL-05,REP,5,DEM,None,
Alabama,5,Alabama's 5th,AL-05,REP,5,REP,Mo,Brooks
Alabama,6,Alabama's 6th,AL-06,REP,3,DEM,None,
Alabama,6,Alabama's 6th,AL-06,REP,3,REP,Gary,Palmer
Alabama,7,Alabama's 7th,AL-07,DEM,5,DEM,Terri,Sewell
Alabama,7,Alabama's 7th,AL-07,DEM,5,REP,None,
Alaska,1,Alaska's at-large,AK-AL,REP,24,DEM,Alyse,Galvin
Alaska,1,Alaska's at-large,AK-AL,REP,24,REP,Don,Young
Arizona,1,Arizona's 1st,AZ-01,DEM,2,DEM,Tom,O'Halleran
Arizona,1,Arizona's 1st,AZ-01,DEM,2,REP,Tiffany,Shedd
Arizona,2,Arizona's 2nd,AZ-02,DEM,1,DEM,Ann,Kirkpatrick
Arizona,2,Arizona's 2nd,AZ-02,DEM,1,REP,Brandon,Martin
Arizona,3,Arizona's 3rd,AZ-03,DEM,9,DEM,Raúl,Grijalva
Arizona,3,Arizona's 3rd,AZ-03,DEM,9,REP,Daniel,Wood
Arizona,4,Arizona's 4th,AZ-04,REP,5,DEM,Delina,DiSanto
Arizona,4,Arizona's 4th,AZ-04,REP,5,REP,Paul,Gosar
Arizona,5,Arizona's 5th,AZ-05,REP,2,DEM,Joan,Greene
Arizona,5,Arizona's 5th,AZ-05,REP,2,REP,Andy,Biggs
Arizona,6,Arizona's 6th,AZ-06,REP,5,DEM,Hiral,Tipirneni
Arizona,6,Arizona's 6th,AZ-06,REP,5,REP,David,Schweikert
Arizona,7,Arizona's 7th,AZ-07,DEM,3,DEM,Ruben,Gallego
Arizona,7,Arizona's 7th,AZ-07,DEM,3,REP,Joshua,Barnett
Arizona,8,Arizona's 8th,AZ-08,REP,2,DEM,Michael,Muscato
Arizona,8,Arizona's 8th,AZ-08,REP,2,REP,Debbie,Lesko
Arizona,9,Arizona's 9th,AZ-09,DEM,1,DEM,Greg,Stanton
Arizona,9,Arizona's 9th,AZ-09,DEM,1,REP,Dave,Giles
Arkansas,1,Arkansas's 1st,AR-01,REP,5,DEM,None,
Arkansas,1,Arkansas's 1st,AR-01,REP,5,REP,Rick,Crawford
Arkansas,2,Arkansas's 2nd,AR-02,REP,3,DEM,Joyce,Elliott
Arkansas,2,Arkansas's 2nd,AR-02,REP,3,REP,French,Hill
Arkansas,3,Arkansas's 3rd,AR-03,REP,5,DEM,Celeste,Williams
Arkansas,3,Arkansas's 3rd,AR-03,REP,5,REP,Steve,Womack
Arkansas,4,Arkansas's 4th,AR-04,REP,3,DEM,William,Hanson
Arkansas,4,Arkansas's 4th,AR-04,REP,3,REP,Bruce,Westerman
California,1,California's 1st,CA-01,REP,4,DEM,Audrey,Denney
California,1,California's 1st,CA-01,REP,4,REP,Doug,LaMalfa
California,2,California's 2nd,CA-02,DEM,4,DEM,Jared,Huffman
California,2,California's 2nd,CA-02,DEM,4,REP,Dale,Mensing
California,3,California's 3rd,CA-03,DEM,6,DEM,John,Garamendi
California,3,California's 3rd,CA-03,DEM,6,REP,Tamika,Hamilton
California,4,California's 4th,CA-04,REP,6,DEM,Brynne,Kennedy
California,4,California's 4th,CA-04,REP,6,REP,Tom,McClintock
California,5,California's 5th,CA-05,DEM,11,DEM,Mike,Thompson
California,5,California's 5th,CA-05,DEM,11,REP,Scott,Giblin
California,6,California's 6th,CA-06,DEM,8,DEM,Doris,Matsui
California,6,California's 6th,CA-06,DEM,8,REP,Chris,Bish
California,7,California's 7th,CA-07,DEM,4,DEM,Ami,Bera
California,7,California's 7th,CA-07,DEM,4,REP,Buzz,Patterson
California,8,California's 8th,CA-08,None,4,DEM,Christine,Bubser
California,8,California's 8th,CA-08,None,4,REP,Jay,Obernolte
California,9,California's 9th,CA-09,DEM,7,DEM,Jerry,McNerney
California,9,California's 9th,CA-09,DEM,7,REP,Antonio,Amador
California,10,California's 10th,CA-10,DEM,1,DEM,Josh,Harder
California,10,California's 10th,CA-10,DEM,1,REP,Ted,Howze
California,11,California's 11th,CA-11,DEM,3,DEM,Mark,DeSaulnier
California,11,California's 11th,CA-11,DEM,3,REP,Nisha,Sharma
California,12,California's 12th,CA-12,DEM,17,DEM,Nancy,Pelosi
California,12,California's 12th,CA-12,DEM,17,DEM,Shahid,Buttar
California,13,California's 13th,CA-13,DEM,11,DEM,Barbara,Lee
California,13,California's 13th,CA-13,DEM,11,REP,Nikka,Piterman
California,14,California's 14th,CA-14,DEM,7,DEM,Jackie,Speier
California,14,California's 14th,CA-14,DEM,7,REP,Ran,Patel
California,15,California's 15th,CA-15,DEM,4,DEM,Eric,Swalwell
California,15,California's 15th,CA-15,DEM,4,REP,Alison,Hayden
California,16,California's 16th,CA-16,DEM,8,DEM,Jim,Costa
California,16,California's 16th,CA-16,DEM,8,REP,Kevin,Cookingham
California,17,California's 17th,CA-17,DEM,2,DEM,Ro,Khanna
California,17,California's 17th,CA-17,DEM,2,REP,Ritesh,Tandon
California,18,California's 18th,CA-18,DEM,14,DEM,Anna,Eshoo
California,18,California's 18th,CA-18,DEM,14,DEM,Rishi,Kumar
California,19,California's 19th,CA-19,DEM,13,DEM,Zoe,Lofgren
California,19,California's 19th,CA-19,DEM,13,REP,Justin,Aguilera
California,20,California's 20th,CA-20,DEM,2,DEM,Jimmy,Panetta
California,20,California's 20th,CA-20,DEM,2,REP,Jeff,Gorman
California,21,California's 21st,CA-21,DEM,1,DEM,TJ,Cox
California,21,California's 21st,CA-21,DEM,1,REP,David,Valadao
California,22,California's 22nd,CA-22,REP,9,DEM,Phil,Arballo
California,22,California's 22nd,CA-22,REP,9,REP,Devin,Nunes
California,23,California's 23rd,CA-23,REP,7,DEM,Kim,Mangone
California,23,California's 23rd,CA-23,REP,7,REP,Kevin,McCarthy
California,24,California's 24th,CA-24,DEM,2,DEM,Salud,Carbajal
California,24,California's 24th,CA-24,DEM,2,REP,Andy,Caldwell
California,25,California's 25th,CA-25,REP,1,DEM,Christy,Smith
California,25,California's 25th,CA-25,REP,1,REP,Mike,Garcia
California,26,California's 26th,CA-26,DEM,4,DEM,Julia,Brownley
California,26,California's 26th,CA-26,DEM,4,REP,Ronda,Baldwin-Kennedy
California,27,California's 27th,CA-27,DEM,6,DEM,Judy,Chu
California,27,California's 27th,CA-27,DEM,6,REP,Johnny,Nalbandian
California,28,California's 28th,CA-28,DEM,10,DEM,Adam,Schiff
California,28,California's 28th,CA-28,DEM,10,REP,Eric,Early
California,29,California's 29th,CA-29,DEM,4,DEM,Tony,Cárdenas
California,29,California's 29th,CA-29,DEM,4,DEM,Angélica,Dueñas
California,30,California's 30th,CA-30,DEM,12,DEM,Brad,Sherman
California,30,California's 30th,CA-30,DEM,12,REP,Mark,Reed
California,31,California's 31st,CA-31,DEM,3,DEM,Pete,Aguilar
California,31,California's 31st,CA-31,DEM,3,REP,Agnes,Gibboney
California,32,California's 32nd,CA-32,DEM,11,DEM,Grace,Napolitano
California,32,California's 32nd,CA-32,DEM,11,REP,Joshua,Scott
California,33,California's 33rd,CA-33,DEM,3,DEM,Ted,Lieu
California,33,California's 33rd,CA-33,DEM,3,REP,James,Bradley
California,34,California's 34th,CA-34,DEM,2,DEM,Jimmy,Gomez
California,34,California's 34th,CA-34,DEM,2,DEM,David,Kim
California,35,California's 35th,CA-35,DEM,3,DEM,Norma,Torres
California,35,California's 35th,CA-35,DEM,3,REP,Mike,Cargile
California,36,California's 36th,CA-36,DEM,4,DEM,Raul,Ruiz
California,36,California's 36th,CA-36,DEM,4,REP,Erin,Cruz
California,37,California's 37th,CA-37,DEM,5,DEM,Karen,Bass
California,37,California's 37th,CA-37,DEM,5,REP,Errol,Webber
California,38,California's 38th,CA-38,DEM,9,DEM,Linda,Sánchez
California,38,California's 38th,CA-38,DEM,9,REP,Michael,Tolar
California,39,California's 39th,CA-39,DEM,1,DEM,Gil,Cisneros
California,39,California's 39th,CA-39,DEM,1,REP,Young,Kim
California,40,California's 40th,CA-40,DEM,14,DEM,Lucille,Roybal-Allard
California,40,California's 40th,CA-40,DEM,14,REP,C. Antonio,Delgado
California,41,California's 41st,CA-41,DEM,4,DEM,Mark,Takano
California,41,California's 41st,CA-41,DEM,4,REP,Aja,Smith
California,42,California's 42nd,CA-42,REP,14,DEM,Liam,O'Mara
California,42,California's 42nd,CA-42,REP,14,REP,Ken,Calvert
California,43,California's 43rd,CA-43,DEM,15,DEM,Maxine,Waters
California,43,California's 43rd,CA-43,DEM,15,REP,Joe,Collins
California,44,California's 44th,CA-44,DEM,2,DEM,Nanette,Barragán
California,44,California's 44th,CA-44,DEM,2,DEM,Analilia,Joya
California,45,California's 45th,CA-45,DEM,1,DEM,Katie,Porter
California,45,California's 45th,CA-45,DEM,1,REP,Greg,Raths
California,46,California's 46th,CA-46,DEM,2,DEM,Lou,Correa
California,46,California's 46th,CA-46,DEM,2,REP,James,Waters
California,47,California's 47th,CA-47,DEM,4,DEM,Alan,Lowenthal
California,47,California's 47th,CA-47,DEM,4,REP,John,Briscoe
California,48,California's 48th,CA-48,DEM,1,DEM,Harley,Rouda
California,48,California's 48th,CA-48,DEM,1,REP,Michelle,Steel
California,49,California's 49th,CA-49,DEM,1,DEM,Mike,Levin
California,49,California's 49th,CA-49,DEM,1,REP,Brian,Maryott
California,50,California's 50th,CA-50,None,0,DEM,Ammar,Campa-Najjar
California,50,California's 50th,CA-50,None,0,REP,Darrell,Issa
California,51,California's 51st,CA-51,DEM,4,DEM,Juan,Vargas
California,51,California's 51st,CA-51,DEM,4,REP,Juan,Hidalgo
California,52,California's 52nd,CA-52,DEM,4,DEM,Scott,Peters
California,52,California's 52nd,CA-52,DEM,4,REP,Jim,DeBello
California,53,California's 53rd,CA-53,DEM,10,DEM,Susan,Davis
California,53,California's 53rd,CA-53,DEM,10,DEM,Georgette,Gómez
Colorado,1,Colorado's 1st,CO-01,DEM,12,DEM,Diana,DeGette
Colorado,1,Colorado's 1st,CO-01,DEM,12,REP,Shane,Bolling
Colorado,2,Colorado's 2nd,CO-02,DEM,1,DEM,Joe,Neguse
Colorado,2,Colorado's 2nd,CO-02,DEM,1,REP,Charlie,Winn
Colorado,3,Colorado's 3rd,CO-03,None,5,DEM,Diane,Mitsch Bush
Colorado,3,Colorado's 3rd,CO-03,None,5,REP,Lauren,Boebert
Colorado,4,Colorado's 4th,CO-04,REP,3,DEM,Ike,McCorkle
Colorado,4,Colorado's 4th,CO-04,REP,3,REP,Ken,Buck
Colorado,5,Colorado's 5th,CO-05,REP,7,DEM,Jillian,Freeland
Colorado,5,Colorado's 5th,CO-05,REP,7,REP,Doug,Lamborn
Colorado,6,Colorado's 6th,CO-06,DEM,1,DEM,Jason,Crow
Colorado,6,Colorado's 6th,CO-06,DEM,1,REP,Steve,House
Colorado,7,Colorado's 7th,CO-07,DEM,7,DEM,Ed,Perlmutter
Colorado,7,Colorado's 7th,CO-07,DEM,7,REP,Casper,Stockham
Connecticut,1,Connecticut's 1st,CT-01,DEM,11,DEM,John,Larson
Connecticut,1,Connecticut's 1st,CT-01,DEM,11,REP,Mary,Fay
Connecticut,2,Connecticut's 2nd,CT-02,DEM,7,DEM,Joe,Courtney
Connecticut,2,Connecticut's 2nd,CT-02,DEM,7,REP,Justin,Anderson
Connecticut,3,Connecticut's 3rd,CT-03,DEM,15,DEM,Rosa,DeLauro
Connecticut,3,Connecticut's 3rd,CT-03,DEM,15,REP,Margaret,Streicker
Connecticut,4,Connecticut's 4th,CT-04,DEM,6,DEM,Jim,Himes
Connecticut,4,Connecticut's 4th,CT-04,DEM,6,REP,Jonathan,Riddle
Connecticut,5,Connecticut's 5th,CT-05,DEM,1,DEM,Jahana,Hayes
Connecticut,5,Connecticut's 5th,CT-05,DEM,1,REP,David,Sullivan
Delaware,1,Delaware's at-large,DE-AL,DEM,2,DEM,Lisa,Blunt Rochester
Delaware,1,Delaware's at-large,DE-AL,DEM,2,REP,TBD,
Florida,1,Florida's 1st,FL-01,REP,2,DEM,Phil,Ehr
Florida,1,Florida's 1st,FL-01,REP,2,REP,Matt,Gaetz
Florida,2,Florida's 2nd,FL-02,REP,2,DEM,Kristy,Thripp
Florida,2,Florida's 2nd,FL-02,REP,2,REP,Neal,Dunn
Florida,3,Florida's 3rd,FL-03,None,4,DEM,Adam,Christensen
Florida,3,Florida's 3rd,FL-03,None,4,REP,Kat,Cammack
Florida,4,Florida's 4th,FL-04,REP,2,DEM,Donna,Deegan
Florida,4,Florida's 4th,FL-04,REP,2,REP,John,Rutherford
Florida,5,Florida's 5th,FL-05,DEM,2,DEM,Al,Lawson
Florida,5,Florida's 5th,FL-05,DEM,2,REP,Gary,Adler
Florida,6,Florida's 6th,FL-06,REP,1,DEM,Clint,Curtis
Florida,6,Florida's 6th,FL-06,REP,1,REP,Michael,Waltz
Florida,7,Florida's 7th,FL-07,DEM,2,DEM,Stephanie,Murphy
Florida,7,Florida's 7th,FL-07,DEM,2,REP,Leo,Valentin
Florida,8,Florida's 8th,FL-08,REP,6,DEM,Jim,Kennedy
Florida,8,Florida's 8th,FL-08,REP,6,REP,Bill,Posey
Florida,9,Florida's 9th,FL-09,DEM,2,DEM,Darren,Soto
Florida,9,Florida's 9th,FL-09,DEM,2,REP,Bill,Olson
Florida,10,Florida's 10th,FL-10,DEM,2,DEM,Val,Demings
Florida,10,Florida's 10th,FL-10,DEM,2,REP,Vennia,Francois
Florida,11,Florida's 11th,FL-11,REP,5,DEM,Dana,Cottrell
Florida,11,Florida's 11th,FL-11,REP,5,REP,Daniel,Webster
Florida,12,Florida's 12th,FL-12,REP,7,DEM,Kimberly,Walker
Florida,12,Florida's 12th,FL-12,REP,7,REP,Gus,Bilirakis
Florida,13,Florida's 13th,FL-13,DEM,2,DEM,Charlie,Crist
Florida,13,Florida's 13th,FL-13,DEM,2,REP,Anna,Luna
Florida,14,Florida's 14th,FL-14,DEM,7,DEM,Kathy,Castor
Florida,14,Florida's 14th,FL-14,DEM,7,REP,Christine,Quinn
Florida,15,Florida's 15th,FL-15,None,1,DEM,Alan,Cohn
Florida,15,Florida's 15th,FL-15,None,1,REP,Scott,Franklin
Florida,16,Florida's 16th,FL-16,REP,7,DEM,Margaret,Good
Florida,16,Florida's 16th,FL-16,REP,7,REP,Vern,Buchanan
Florida,17,Florida's 17th,FL-17,REP,1,DEM,Allen,Ellison
Florida,17,Florida's 17th,FL-17,REP,1,REP,Greg,Steube
Florida,18,Florida's 18th,FL-18,REP,2,DEM,Pam,Keith
Florida,18,Florida's 18th,FL-18,REP,2,REP,Brian,Mast
Florida,19,Florida's 19th,FL-19,REP,2,DEM,Cindy,Banyai
Florida,19,Florida's 19th,FL-19,REP,2,REP,Byron,Donalds
Florida,20,Florida's 20th,FL-20,DEM,14,DEM,Alcee,Hastings
Florida,20,Florida's 20th,FL-20,DEM,14,REP,Gregory,Musselwhite
Florida,21,Florida's 21st,FL-21,DEM,4,DEM,Lois,Frankel
Florida,21,Florida's 21st,FL-21,DEM,4,REP,Laura,Loomer
Florida,22,Florida's 22nd,FL-22,DEM,6,DEM,Ted,Deutch
Florida,22,Florida's 22nd,FL-22,DEM,6,REP,Jim,Pruden
Florida,23,Florida's 23rd,FL-23,DEM,8,DEM,Debbie,Wasserman Schultz
Florida,23,Florida's 23rd,FL-23,DEM,8,REP,Carla,Spalding
Florida,24,Florida's 24th,FL-24,DEM,5,DEM,Frederica,Wilson
Florida,24,Florida's 24th,FL-24,DEM,5,REP,Lavern,Spicer
Florida,25,Florida's 25th,FL-25,REP,9,DEM,None,
Florida,25,Florida's 25th,FL-25,REP,9,REP,Mario,Díaz-Balart
Florida,26,Florida's 26th,FL-26,DEM,1,DEM,Debbie,Mucarsel-Powell
Florida,26,Florida's 26th,FL-26,DEM,1,REP,Carlos,Gimenez
Florida,27,Florida's 27th,FL-27,DEM,1,DEM,Donna,Shalala
Florida,27,Florida's 27th,FL-27,DEM,1,REP,Maria Elvira,Salazar
Georgia,1,Georgia's 1st,GA-01,REP,3,DEM,Joyce,Griggs
Georgia,1,Georgia's 1st,GA-01,REP,3,REP,Buddy,Carter
Georgia,2,Georgia's 2nd,GA-02,DEM,14,DEM,Sanford,Bishop
Georgia,2,Georgia's 2nd,GA-02,DEM,14,REP,Don,Cole
Georgia,3,Georgia's 3rd,GA-03,REP,2,DEM,Val,Almonord
Georgia,3,Georgia's 3rd,GA-03,REP,2,REP,Drew,Ferguson
Georgia,4,Georgia's 4th,GA-04,DEM,7,DEM,Hank,Johnson
Georgia,4,Georgia's 4th,GA-04,DEM,7,REP,Johsie,Cruz
Georgia,5,Georgia's 5th,GA-05,None,17,DEM,Nikema,Williams
Georgia,5,Georgia's 5th,GA-05,None,17,REP,Angela,Stanton-King
Georgia,6,Georgia's 6th,GA-06,DEM,1,DEM,Lucy,McBath
Georgia,6,Georgia's 6th,GA-06,DEM,1,REP,Karen,Handel
Georgia,7,Georgia's 7th,GA-07,None,5,DEM,Carolyn,Bourdeaux
Georgia,7,Georgia's 7th,GA-07,None,5,REP,Rich,McCormick
Georgia,8,Georgia's 8th,GA-08,REP,5,DEM,Lindsay,Holliday
Georgia,8,Georgia's 8th,GA-08,REP,5,REP,Austin,Scott
Georgia,9,Georgia's 9th,GA-09,None,4,DEM,Devin,Pandy
Georgia,9,Georgia's 9th,GA-09,None,4,REP,Andrew,Clyde
Georgia,10,Georgia's 10th,GA-10,REP,3,DEM,Tabitha,Johnson-Green
Georgia,10,Georgia's 10th,GA-10,REP,3,REP,Jody,Hice
Georgia,11,Georgia's 11th,GA-11,REP,3,DEM,Dana,Barrett
Georgia,11,Georgia's 11th,GA-11,REP,3,REP,Barry,Loudermilk
Georgia,12,Georgia's 12th,GA-12,REP,3,DEM,Liz,Johnson
Georgia,12,Georgia's 12th,GA-12,REP,3,REP,Rick,Allen
Georgia,13,Georgia's 13th,GA-13,DEM,9,DEM,David,Scott
Georgia,13,Georgia's 13th,GA-13,DEM,9,REP,Becky,Hites
Georgia,14,Georgia's 14th,GA-14,REP,6,DEM,Kevin,Van Ausdal
Georgia,14,Georgia's 14th,GA-14,REP,6,REP,Marjorie Taylor,Greene
Hawaii,1,Hawaii's 1st,HI-01,DEM,1,DEM,Ed,Case
Hawaii,1,Hawaii's 1st,HI-01,DEM,1,REP,Ron,Curtis
Hawaii,2,Hawaii's 2nd,HI-02,None,4,DEM,Kai,Kahele
Hawaii,2,Hawaii's 2nd,HI-02,None,4,REP,Joe,Akana
Idaho,1,Idaho's 1st,ID-01,REP,1,DEM,Rudy,Soto
Idaho,1,Idaho's 1st,ID-01,REP,1,REP,Russ,Fulcher
Idaho,2,Idaho's 2nd,ID-02,REP,11,DEM,Aaron,Swisher
Idaho,2,Idaho's 2nd,ID-02,REP,11,REP,Mike,Simpson
Illinois,1,Illinois's 1st,IL-01,DEM,14,DEM,Bobby,Rush
Illinois,1,Illinois's 1st,IL-01,DEM,14,REP,Philanise,White
Illinois,2,Illinois's 2nd,IL-02,DEM,4,DEM,Robin,Kelly
Illinois,2,Illinois's 2nd,IL-02,DEM,4,REP,Theresa,Raborn
Illinois,3,Illinois's 3rd,IL-03,None,8,DEM,Marie,Newman
Illinois,3,Illinois's 3rd,IL-03,None,8,REP,Mike,Fricilone
Illinois,4,Illinois's 4th,IL-04,DEM,1,DEM,Chuy,Garcia
Illinois,4,Illinois's 4th,IL-04,DEM,1,REP,Christopher,Lasky
Illinois,5,Illinois's 5th,IL-05,DEM,6,DEM,Mike,Quigley
Illinois,5,Illinois's 5th,IL-05,DEM,6,REP,Tommy,Hanson
Illinois,6,Illinois's 6th,IL-06,DEM,1,DEM,Sean,Casten
Illinois,6,Illinois's 6th,IL-06,DEM,1,REP,Jeanne,Ives
Illinois,7,Illinois's 7th,IL-07,DEM,12,DEM,Danny,Davis
Illinois,7,Illinois's 7th,IL-07,DEM,12,REP,Craig,Cameron
Illinois,8,Illinois's 8th,IL-08,DEM,2,DEM,Raja,Krishnamoorthi
Illinois,8,Illinois's 8th,IL-08,DEM,2,REP,None,
Illinois,9,Illinois's 9th,IL-09,DEM,11,DEM,Jan,Schakowsky
Illinois,9,Illinois's 9th,IL-09,DEM,11,REP,Sargis,Sangari
Illinois,10,Illinois's 10th,IL-10,DEM,2,DEM,Brad,Schneider
Illinois,10,Illinois's 10th,IL-10,DEM,2,REP,Valerie,Mukherjee
Illinois,11,Illinois's 11th,IL-11,DEM,4,DEM,Bill,Foster
Illinois,11,Illinois's 11th,IL-11,DEM,4,REP,Rick,Laib
Illinois,12,Illinois's 12th,IL-12,REP,3,DEM,Raymond,Lenzi
Illinois,12,Illinois's 12th,IL-12,REP,3,REP,Mike,Bost
Illinois,13,Illinois's 13th,IL-13,REP,4,DEM,Betsy,Dirksen Londrigan
Illinois,13,Illinois's 13th,IL-13,REP,4,REP,Rodney,Davis
Illinois,14,Illinois's 14th,IL-14,DEM,1,DEM,Lauren,Underwood
Illinois,14,Illinois's 14th,IL-14,DEM,1,REP,Jim,Oberweis
Illinois,15,Illinois's 15th,IL-15,REP,12,DEM,Erika,Weaver
Illinois,15,Illinois's 15th,IL-15,REP,12,REP,Mary,Miller
Illinois,16,Illinois's 16th,IL-16,REP,5,DEM,Daniel,Brzozowski
Illinois,16,Illinois's 16th,IL-16,REP,5,REP,Adam,Kinzinger
Illinois,17,Illinois's 17th,IL-17,DEM,4,DEM,Cheri,Bustos
Illinois,17,Illinois's 17th,IL-17,DEM,4,REP,Esther Joy,King
Illinois,18,Illinois's 18th,IL-18,REP,3,DEM,George,Petrilli
Illinois,18,Illinois's 18th,IL-18,REP,3,REP,Darin,LaHood
Indiana,1,Indiana's 1st,IN-01,None,18,DEM,Frank,Mrvan
Indiana,1,Indiana's 1st,IN-01,None,18,REP,Mark,Leyva
Indiana,2,Indiana's 2nd,IN-02,REP,4,DEM,Pat,Hackett
Indiana,2,Indiana's 2nd,IN-02,REP,4,REP,Jackie,Walorski
Indiana,3,Indiana's 3rd,IN-03,REP,2,DEM,Chip,Coldiron
Indiana,3,Indiana's 3rd,IN-03,REP,2,REP,Jim,Banks
Indiana,4,Indiana's 4th,IN-04,REP,1,DEM,Joe,Mackey
Indiana,4,Indiana's 4th,IN-04,REP,1,REP,Jim,Baird
Indiana,5,Indiana's 5th,IN-05,REP,4,DEM,Christina,Hale
Indiana,5,Indiana's 5th,IN-05,REP,4,REP,Victoria,Spartz
Indiana,6,Indiana's 6th,IN-06,REP,1,DEM,Jeannine Lee,Lake
Indiana,6,Indiana's 6th,IN-06,REP,1,REP,Greg,Pence
Indiana,7,Indiana's 7th,IN-07,DEM,7,DEM,André,Carson
Indiana,7,Indiana's 7th,IN-07,DEM,7,REP,Susan Marie,Smith
Indiana,8,Indiana's 8th,IN-08,REP,5,DEM,E. Thomasina,Marsili
Indiana,8,Indiana's 8th,IN-08,REP,5,REP,Larry,Bucshon
Indiana,9,Indiana's 9th,IN-09,REP,2,DEM,Andy,Ruff
Indiana,9,Indiana's 9th,IN-09,REP,2,REP,Trey,Hollingsworth
Iowa,1,Iowa's 1st,IA-01,DEM,1,DEM,Abby,Finkenauer
Iowa,1,Iowa's 1st,IA-01,DEM,1,REP,Ashley,Hinson
Iowa,2,Iowa's 2nd,IA-02,None,7,DEM,Rita R.,Hart
Iowa,2,Iowa's 2nd,IA-02,None,7,REP,Mariannette,Miller-Meeks
Iowa,3,Iowa's 3rd,IA-03,DEM,1,DEM,Cindy,Axne
Iowa,3,Iowa's 3rd,IA-03,DEM,1,REP,David,Young
Iowa,4,Iowa's 4th,IA-04,None,9,DEM,J.D.,Scholten
Iowa,4,Iowa's 4th,IA-04,None,9,REP,Randy,Feenstra
Kansas,1,Kansas's 1st,KS-01,None,2,DEM,Kali,Barnett
Kansas,1,Kansas's 1st,KS-01,None,2,REP,Tracey,Mann
Kansas,2,Kansas's 2nd,KS-02,REP,1,DEM,Michelle,De La Isla
Kansas,2,Kansas's 2nd,KS-02,REP,1,REP,Steve,Watkins
Kansas,3,Kansas's 3rd,KS-03,DEM,1,DEM,Sharice,Davids
Kansas,3,Kansas's 3rd,KS-03,DEM,1,REP,Amanda,Adkins
Kansas,4,Kansas's 4th,KS-04,REP,2,DEM,Laura,Lombard
Kansas,4,Kansas's 4th,KS-04,REP,2,REP,Ron,Estes
Kentucky,1,Kentucky's 1st,KY-01,REP,2,DEM,James,Rhodes
Kentucky,1,Kentucky's 1st,KY-01,REP,2,REP,James,Comer
Kentucky,2,Kentucky's 2nd,KY-02,REP,6,DEM,Hank,Linderman
Kentucky,2,Kentucky's 2nd,KY-02,REP,6,REP,Brett,Guthrie
Kentucky,3,Kentucky's 3rd,KY-03,DEM,7,DEM,John,Yarmuth
Kentucky,3,Kentucky's 3rd,KY-03,DEM,7,REP,Rhonda,Palazzo
Kentucky,4,Kentucky's 4th,KY-04,REP,4,DEM,Alexandra,Owensby
Kentucky,4,Kentucky's 4th,KY-04,REP,4,REP,Thomas,Massie
Kentucky,5,Kentucky's 5th,KY-05,REP,20,DEM,Matthew,Best
Kentucky,5,Kentucky's 5th,KY-05,REP,20,REP,Hal,Rogers
Kentucky,6,Kentucky's 6th,KY-06,REP,4,DEM,Josh,Hicks
Kentucky,6,Kentucky's 6th,KY-06,REP,4,REP,Andy,Barr
Louisiana,1,Louisiana's 1st,LA-01,REP,7,DEM,Lee Ann,Dugas
Louisiana,1,Louisiana's 1st,LA-01,REP,7,REP,Steve,Scalise
Louisiana,2,Louisiana's 2nd,LA-02,DEM,5,DEM,Cedric,Richmond
Louisiana,2,Louisiana's 2nd,LA-02,DEM,5,REP,David,Schilling
Louisiana,3,Louisiana's 3rd,LA-03,REP,2,DEM,Braylon,Harris
Louisiana,3,Louisiana's 3rd,LA-03,REP,2,REP,Clay,Higgins
Louisiana,4,Louisiana's 4th,LA-04,REP,2,DEM,Ryan,Trundle
Louisiana,4,Louisiana's 4th,LA-04,REP,2,REP,Mike,Johnson
Louisiana,5,Louisiana's 5th,LA-05,None,3,DEM,Candy,Shoemaker-Cristophe
Louisiana,5,Louisiana's 5th,LA-05,None,3,REP,Lance,Harris
Louisiana,6,Louisiana's 6th,LA-06,REP,3,DEM,Dartanyon,Williams
Louisiana,6,Louisiana's 6th,LA-06,REP,3,REP,Garret,Graves
Maine,1,Maine's 1st,ME-01,DEM,6,DEM,Chellie,Pingree
Maine,1,Maine's 1st,ME-01,DEM,6,REP,Jay,Allen
Maine,2,Maine's 2nd,ME-02,DEM,1,DEM,Jared,Golden
Maine,2,Maine's 2nd,ME-02,DEM,1,REP,Dale,Crafts
Maryland,1,Maryland's 1st,MD-01,REP,5,DEM,Mia,Mason
Maryland,1,Maryland's 1st,MD-01,REP,5,REP,Andy,Harris
Maryland,2,Maryland's 2nd,MD-02,DEM,9,DEM,Dutch,Ruppersberger
Maryland,2,Maryland's 2nd,MD-02,DEM,9,REP,Johnny Ray,Sailing
Maryland,3,Maryland's 3rd,MD-03,DEM,7,DEM,John,Sarbanes
Maryland,3,Maryland's 3rd,MD-03,DEM,7,REP,Charles,Anthony
Maryland,4,Maryland's 4th,MD-04,DEM,2,DEM,Anthony,Brown
Maryland,4,Maryland's 4th,MD-04,DEM,2,REP,George,McDermott
Maryland,5,Maryland's 5th,MD-05,DEM,20,DEM,Steny,Hoyer
Maryland,5,Maryland's 5th,MD-05,DEM,20,REP,Chris,Palombi
Maryland,6,Maryland's 6th,MD-06,DEM,1,DEM,David,Trone
Maryland,6,Maryland's 6th,MD-06,DEM,1,REP,Neil,Parrott
Maryland,7,Maryland's 7th,MD-07,DEM,1,DEM,Kweisi,Mfume
Maryland,7,Maryland's 7th,MD-07,DEM,1,REP,Kimberly,Klacik
Maryland,8,Maryland's 8th,MD-08,DEM,2,DEM,Jamie,Raskin
Maryland,8,Maryland's 8th,MD-08,DEM,2,REP,Gregory,Coll
Massachusetts,1,Massachusetts's 1st,MA-01,DEM,16,DEM,Richard,Neal
Massachusetts,1,Massachusetts's 1st,MA-01,DEM,16,REP,None,
Massachusetts,2,Massachusetts's 2nd,MA-02,DEM,12,DEM,Jim,McGovern
Massachusetts,2,Massachusetts's 2nd,MA-02,DEM,12,REP,Tracy,Lovvorn
Massachusetts,3,Massachusetts's 3rd,MA-03,DEM,1,DEM,Lori,Trahan
Massachusetts,3,Massachusetts's 3rd,MA-03,DEM,1,REP,None,
Massachusetts,4,Massachusetts's 4th,MA-04,None,4,DEM,Jake,Auchincloss
Massachusetts,4,Massachusetts's 4th,MA-04,None,4,REP,Julie,Hall
Massachusetts,5,Massachusetts's 5th,MA-05,DEM,4,DEM,Katherine,Clark
Massachusetts,5,Massachusetts's 5th,MA-05,DEM,4,REP,Caroline,Colarusso
Massachusetts,6,Massachusetts's 6th,MA-06,DEM,3,DEM,Seth,Moulton
Massachusetts,6,Massachusetts's 6th,MA-06,DEM,3,REP,John Paul,Moran
Massachusetts,7,Massachusetts's 7th,MA-07,DEM,1,DEM,Ayanna,Pressley
Massachusetts,7,Massachusetts's 7th,MA-07,DEM,1,REP,None,
Massachusetts,8,Massachusetts's 8th,MA-08,DEM,10,DEM,Stephen,Lynch
Massachusetts,8,Massachusetts's 8th,MA-08,DEM,10,REP,None,
Massachusetts,9,Massachusetts's 9th,MA-09,DEM,5,DEM,Bill,Keating
Massachusetts,9,Massachusetts's 9th,MA-09,DEM,5,REP,Helen,Brady
Michigan,1,Michigan's 1st,MI-01,REP,2,DEM,Dana,Ferguson
Michigan,1,Michigan's 1st,MI-01,REP,2,REP,Jackie,Bergman
Michigan,2,Michigan's 2nd,MI-02,REP,5,DEM,Bryan,Berghoef
Michigan,2,Michigan's 2nd,MI-02,REP,5,REP,Bill,Huizenga
Michigan,3,Michigan's 3rd,MI-03,None,5,DEM,Hillary,Scholten
Michigan,3,Michigan's 3rd,MI-03,None,5,REP,Peter,Meijer
Michigan,4,Michigan's 4th,MI-04,REP,3,DEM,Jerry,Hilliard
Michigan,4,Michigan's 4th,MI-04,REP,3,REP,John,Moolenaar
Michigan,5,Michigan's 5th,MI-05,DEM,4,DEM,Dan,Kildee
Michigan,5,Michigan's 5th,MI-05,DEM,4,REP,Tim,Kelly
Michigan,6,Michigan's 6th,MI-06,REP,17,DEM,Jon,Hoadley
Michigan,6,Michigan's 6th,MI-06,REP,17,REP,Fred,Upton
Michigan,7,Michigan's 7th,MI-07,REP,5,DEM,Gretchen,Driskell
Michigan,7,Michigan's 7th,MI-07,REP,5,REP,Tim,Walberg
Michigan,8,Michigan's 8th,MI-08,DEM,1,DEM,Elissa,Slotkin
Michigan,8,Michigan's 8th,MI-08,DEM,1,REP,Paul,Junge
Michigan,9,Michigan's 9th,MI-09,DEM,1,DEM,Andy,Levin
Michigan,9,Michigan's 9th,MI-09,DEM,1,REP,Charles,Langworthy
Michigan,10,Michigan's 10th,MI-10,None,2,DEM,Kimberly,Bizon
Michigan,10,Michigan's 10th,MI-10,None,2,REP,Lisa,McClain
Michigan,11,Michigan's 11th,MI-11,DEM,1,DEM,Haley,Stevens
Michigan,11,Michigan's 11th,MI-11,DEM,1,REP,Eric,Esshaki
Michigan,12,Michigan's 12th,MI-12,DEM,3,DEM,Debbie,Dingell
Michigan,12,Michigan's 12th,MI-12,DEM,3,REP,Jeff,Jones
Michigan,13,Michigan's 13th,MI-13,DEM,1,DEM,Rashida,Tlaib
Michigan,13,Michigan's 13th,MI-13,DEM,1,REP,David,Dudenhoefer
Michigan,14,Michigan's 14th,MI-14,DEM,3,DEM,Brenda,Lawrence
Michigan,14,Michigan's 14th,MI-14,DEM,3,REP,Robert,Patrick
Minnesota,1,Minnesota's 1st,MN-01,REP,1,DEM,Dan,Feehan
Minnesota,1,Minnesota's 1st,MN-01,REP,1,REP,Jim,Hagedorn
Minnesota,2,Minnesota's 2nd,MN-02,DEM,1,DEM,Angie,Craig
Minnesota,2,Minnesota's 2nd,MN-02,DEM,1,REP,Tyler,Kistner
Minnesota,3,Minnesota's 3rd,MN-03,DEM,1,DEM,Dean,Phillips
Minnesota,3,Minnesota's 3rd,MN-03,DEM,1,REP,Kendall,Qualls
Minnesota,4,Minnesota's 4th,MN-04,DEM,10,DEM,Betty,McCollum
Minnesota,4,Minnesota's 4th,MN-04,DEM,10,REP,Sia,Lo
Minnesota,5,Minnesota's 5th,MN-05,DEM,1,DEM,Ilhan,Omar
Minnesota,5,Minnesota's 5th,MN-05,DEM,1,REP,Lacy,Johnson
Minnesota,6,Minnesota's 6th,MN-06,REP,3,DEM,Ian,Todd
Minnesota,6,Minnesota's 6th,MN-06,REP,3,REP,Tom,Emmer
Minnesota,7,Minnesota's 7th,MN-07,DEM,15,DEM,Collin,Peterson
Minnesota,7,Minnesota's 7th,MN-07,DEM,15,REP,Michelle,Fischbach
Minnesota,8,Minnesota's 8th,MN-08,REP,1,DEM,Quinn,Nystrom
Minnesota,8,Minnesota's 8th,MN-08,REP,1,REP,Pete,Stauber
Mississippi,1,Mississippi's 1st,MS-01,REP,3,DEM,Antonia,Eliason
Mississippi,1,Mississippi's 1st,MS-01,REP,3,REP,Trent,Kelly
Mississippi,2,Mississippi's 2nd,MS-02,DEM,14,DEM,Bennie,Thompson
Mississippi,2,Mississippi's 2nd,MS-02,DEM,14,REP,Brian,Flowers
Mississippi,3,Mississippi's 3rd,MS-03,REP,1,DEM,Dot,Benford
Mississippi,3,Mississippi's 3rd,MS-03,REP,1,REP,Michael,Guest
Mississippi,4,Mississippi's 4th,MS-04,REP,5,DEM,None,
Mississippi,4,Mississippi's 4th,MS-04,REP,5,REP,Steven,Palazzo
Missouri,1,Missouri's 1st,MO-01,None,10,DEM,Cori,Bush
Missouri,1,Missouri's 1st,MO-01,None,10,REP,Anthony,Rogers
Missouri,2,Missouri's 2nd,MO-02,REP,4,DEM,Jill,Schupp
Missouri,2,Missouri's 2nd,MO-02,REP,4,REP,Ann,Wagner
Missouri,3,Missouri's 3rd,MO-03,REP,6,DEM,Megan,Rezabek
Missouri,3,Missouri's 3rd,MO-03,REP,6,REP,Blaine,Luetkemeyer
Missouri,4,Missouri's 4th,MO-04,REP,5,DEM,Lindsey,Simmons
Missouri,4,Missouri's 4th,MO-04,REP,5,REP,Vicky,Hartzler
Missouri,5,Missouri's 5th,MO-05,DEM,8,DEM,Emmanuel,Cleaver
Missouri,5,Missouri's 5th,MO-05,DEM,8,REP,Ryan,Derks
Missouri,6,Missouri's 6th,MO-06,REP,10,DEM,Gena,Ross
Missouri,6,Missouri's 6th,MO-06,REP,10,REP,Sam,Graves
Missouri,7,Missouri's 7th,MO-07,REP,5,DEM,Teresa,Montseny
Missouri,7,Missouri's 7th,MO-07,REP,5,REP,Billy,Long
Missouri,8,Missouri's 8th,MO-08,REP,4,DEM,Kathy,Ellis
Missouri,8,Missouri's 8th,MO-08,REP,4,REP,Jason,Smith
Montana,1,Montana's at-large,MT-AL,None,2,DEM,Kathleen,Williams
Montana,1,Montana's at-large,MT-AL,None,2,REP,Matt,Rosendale
Nebraska,1,Nebraska's 1st,NE-01,REP,8,DEM,Kate,Bolz
Nebraska,1,Nebraska's 1st,NE-01,REP,8,REP,Jeff,Fortenberry
Nebraska,2,Nebraska's 2nd,NE-02,REP,2,DEM,Kara,Eastman
Nebraska,2,Nebraska's 2nd,NE-02,REP,2,REP,Don,Bacon
Nebraska,3,Nebraska's 3rd,NE-03,REP,7,DEM,Mark,Elworth
Nebraska,3,Nebraska's 3rd,NE-03,REP,7,REP,Adrian,Smith
Nevada,1,Nevada's 1st,NV-01,DEM,4,DEM,Dina,Titus
Nevada,1,Nevada's 1st,NV-01,DEM,4,REP,Joyce,Bentley
Nevada,2,Nevada's 2nd,NV-02,REP,5,DEM,Patricia,Ackerman
Nevada,2,Nevada's 2nd,NV-02,REP,5,REP,Mark,Amodei
Nevada,3,Nevada's 3rd,NV-03,DEM,1,DEM,Susie,Lee
Nevada,3,Nevada's 3rd,NV-03,DEM,1,REP,Dan,Rodimer
Nevada,4,Nevada's 4th,NV-04,DEM,1,DEM,Steven,Horsford
Nevada,4,Nevada's 4th,NV-04,DEM,1,REP,Jim,Marchant
New Hampshire,1,New Hampshire's 1st,NH-01,DEM,1,DEM,Chris,Pappas
New Hampshire,1,New Hampshire's 1st,NH-01,DEM,1,REP,Matt,Mowers
New Hampshire,2,New Hampshire's 2nd,NH-02,DEM,4,DEM,Ann,Kuster
New Hampshire,2,New Hampshire's 2nd,NH-02,DEM,4,REP,Steve,Negron
New Jersey,1,New Jersey's 1st,NJ-01,DEM,1,DEM,Donald,Norcross
New Jersey,1,New Jersey's 1st,NJ-01,DEM,1,REP,Claire,Gustafson
New Jersey,2,New Jersey's 2nd,NJ-02,REP,1,DEM,Amy,Kennedy
New Jersey,2,New Jersey's 2nd,NJ-02,REP,1,REP,Jeff,Van Drew
New Jersey,3,New Jersey's 3rd,NJ-03,DEM,1,DEM,Andy,Kim
New Jersey,3,New Jersey's 3rd,NJ-03,DEM,1,REP,David,Richter
New Jersey,4,New Jersey's 4th,NJ-04,REP,20,DEM,Stephanie,Schmid
New Jersey,4,New Jersey's 4th,NJ-04,REP,20,REP,Chris,Smith
New Jersey,5,New Jersey's 5th,NJ-05,DEM,2,DEM,Josh,Gottheimer
New Jersey,5,New Jersey's 5th,NJ-05,DEM,2,REP,Frank,Pallotta
New Jersey,6,New Jersey's 6th,NJ-06,DEM,16,DEM,Frank,Pallone
New Jersey,6,New Jersey's 6th,NJ-06,DEM,16,REP,Christian,Onuoha
New Jersey,7,New Jersey's 7th,NJ-07,DEM,1,DEM,Tom,Malinowski
New Jersey,7,New Jersey's 7th,NJ-07,DEM,1,REP,Thomas,Kean
New Jersey,8,New Jersey's 8th,NJ-08,DEM,7,DEM,Albio,Sires
New Jersey,8,New Jersey's 8th,NJ-08,DEM,7,REP,Jason,Mushnick
New Jersey,9,New Jersey's 9th,NJ-09,DEM,12,DEM,Bill,Pascrell
New Jersey,9,New Jersey's 9th,NJ-09,DEM,12,REP,Billy,Prepeh
New Jersey,10,New Jersey's 10th,NJ-10,DEM,4,DEM,Donald,Payne
New Jersey,10,New Jersey's 10th,NJ-10,DEM,4,REP,Jennifer,Zinone
New Jersey,11,New Jersey's 11th,NJ-11,DEM,1,DEM,Mikie,Sherrill
New Jersey,11,New Jersey's 11th,NJ-11,DEM,1,REP,Rosemary,Becchi
New Jersey,12,New Jersey's 12th,NJ-12,DEM,3,DEM,Bonnie,Watson Coleman
New Jersey,12,New Jersey's 12th,NJ-12,DEM,3,REP,Mark,Razzoli
New Mexico,1,New Mexico's 1st,NM-01,DEM,1,DEM,Deb,Haaland
New Mexico,1,New Mexico's 1st,NM-01,DEM,1,REP,Michelle,Garcia Holmes
New Mexico,2,New Mexico's 2nd,NM-02,DEM,1,DEM,Xochitl,Torres Small
New Mexico,2,New Mexico's 2nd,NM-02,DEM,1,REP,Yvette,Herrell
New Mexico,3,New Mexico's 3rd,NM-03,None,6,DEM,Teresa,Leger Fernandez
New Mexico,3,New Mexico's 3rd,NM-03,None,6,REP,Alexis,Johnson
New York,1,New York's 1st,NY-01,REP,3,DEM,Nancy,Goroff
New York,1,New York's 1st,NY-01,REP,3,REP,Lee,Zeldin
New York,2,New York's 2nd,NY-02,None,14,DEM,Jackie,Gordon
New York,2,New York's 2nd,NY-02,None,14,REP,Andrew,Garbarino
New York,3,New York's 3rd,NY-03,DEM,2,DEM,Tom,Suozzi
New York,3,New York's 3rd,NY-03,DEM,2,REP,George,Santos
New York,4,New York's 4th,NY-04,DEM,3,DEM,Kathleen,Rice
New York,4,New York's 4th,NY-04,DEM,3,REP,Cindy,Grosz
New York,5,New York's 5th,NY-05,DEM,11,DEM,Gregory,Meeks
New York,5,New York's 5th,NY-05,DEM,11,REP,None,
New York,6,New York's 6th,NY-06,DEM,4,DEM,Grace,Meng
New York,6,New York's 6th,NY-06,DEM,4,REP,Tom,Zmich
New York,7,New York's 7th,NY-07,DEM,14,DEM,Nydia,Velázquez
New York,7,New York's 7th,NY-07,DEM,14,REP,Brian,Kelly
New York,8,New York's 8th,NY-08,DEM,4,DEM,Hakeem,Jeffries
New York,8,New York's 8th,NY-08,DEM,4,REP,Garfield,Wallace
New York,9,New York's 9th,NY-09,DEM,7,DEM,Yvette,Clarke
New York,9,New York's 9th,NY-09,DEM,7,REP,Constantin,Jean-Pierre
New York,10,New York's 10th,NY-10,DEM,14,DEM,Jerry,Nadler
New York,10,New York's 10th,NY-10,DEM,14,REP,Cathy,Bernstein
New York,11,New York's 11th,NY-11,DEM,1,DEM,Max,Rose
New York,11,New York's 11th,NY-11,DEM,1,REP,Nicole,Malliotakis
New York,12,New York's 12th,NY-12,DEM,14,DEM,Carolyn,Maloney
New York,12,New York's 12th,NY-12,DEM,14,REP,Carlos,Cano
New York,13,New York's 13th,NY-13,DEM,2,DEM,Adriano,Espaillat
New York,13,New York's 13th,NY-13,DEM,2,REP,Lovelynn,Gwinn
New York,14,New York's 14th,NY-14,DEM,1,DEM,Alexandria,Ocasio-Cortez
New York,14,New York's 14th,NY-14,DEM,1,REP,John,Cummings
New York,15,New York's 15th,NY-15,None,15,DEM,Ritchie,Torres
New York,15,New York's 15th,NY-15,None,15,REP,Orlando,Molina
New York,16,New York's 16th,NY-16,None,16,DEM,Jamaal,Bowman
New York,16,New York's 16th,NY-16,None,16,REP,None,
New York,17,New York's 17th,NY-17,None,16,DEM,Mondaire,Jones
New York,17,New York's 17th,NY-17,None,16,REP,Maureen,McArdle-Schulman
New York,18,New York's 18th,NY-18,DEM,4,DEM,Sean Patrick,Maloney
New York,18,New York's 18th,NY-18,DEM,4,REP,Chele,Farley
New York,19,New York's 19th,NY-19,DEM,1,DEM,Antonio,Delgado
New York,19,New York's 19th,NY-19,DEM,1,REP,Kyle,Van De Water
New York,20,New York's 20th,NY-20,DEM,6,DEM,Paul,Tonko
New York,20,New York's 20th,NY-20,DEM,6,REP,Elizabeth,Joy
New York,21,New York's 21st,NY-21,REP,3,DEM,Tedra,Cobb
New York,21,New York's 21st,NY-21,REP,3,REP,Elise,Stefanik
New York,22,New York's 22nd,NY-22,DEM,1,DEM,Anthony,Brindisi
New York,22,New York's 22nd,NY-22,DEM,1,REP,Claudia,Tenney
New York,23,New York's 23rd,NY-23,REP,5,DEM,Tracy,Mitrano
New York,23,New York's 23rd,NY-23,REP,5,REP,Tom,Reed
New York,24,New York's 24th,NY-24,REP,3,DEM,Dana,Balter
New York,24,New York's 24th,NY-24,REP,3,REP,John,Katko
New York,25,New York's 25th,NY-25,DEM,1,DEM,Joseph,Morelle
New York,25,New York's 25th,NY-25,DEM,1,REP,George,Mitris
New York,26,New York's 26th,NY-26,DEM,8,DEM,Brian,Higgins
New York,26,New York's 26th,NY-26,DEM,8,REP,Ricky,Donovan
New York,27,New York's 27th,NY-27,REP,1,DEM,Nate,McMurray
New York,27,New York's 27th,NY-27,REP,1,REP,Chris,Jacobs
North Carolina,1,North Carolina's 1st,NC-01,DEM,8,DEM,G. K.,Butterfield
North Carolina,1,North Carolina's 1st,NC-01,DEM,8,REP,Sandy,Smith
North Carolina,2,North Carolina's 2nd,NC-02,None,4,DEM,Deborah,Ross
North Carolina,2,North Carolina's 2nd,NC-02,None,4,REP,Alan,Swain
North Carolina,3,North Carolina's 3rd,NC-03,REP,1,DEM,Darryl,Farrow
North Carolina,3,North Carolina's 3rd,NC-03,REP,1,REP,Greg,Murphy
North Carolina,4,North Carolina's 4th,NC-04,DEM,12,DEM,David,Price
North Carolina,4,North Carolina's 4th,NC-04,DEM,12,REP,Robert,Thomas
North Carolina,5,North Carolina's 5th,NC-05,REP,8,DEM,David Wilson,Brown
North Carolina,5,North Carolina's 5th,NC-05,REP,8,REP,Virginia,Foxx
North Carolina,6,North Carolina's 6th,NC-06,REP,3,DEM,Kathy,Manning
North Carolina,6,North Carolina's 6th,NC-06,REP,3,REP,Lee,Haywood
North Carolina,7,North Carolina's 7th,NC-07,REP,3,DEM,Christopher,Ward
North Carolina,7,North Carolina's 7th,NC-07,REP,3,REP,David,Rouzer
North Carolina,8,North Carolina's 8th,NC-08,REP,4,DEM,Patricia,Timmons-Goodson
North Carolina,8,North Carolina's 8th,NC-08,REP,4,REP,Richard,Hudson
North Carolina,9,North Carolina's 9th,NC-09,REP,1,DEM,Cynthia,Wallace
North Carolina,9,North Carolina's 9th,NC-09,REP,1,REP,Dan,Bishop
North Carolina,10,North Carolina's 10th,NC-10,REP,8,DEM,David,Parker
North Carolina,10,North Carolina's 10th,NC-10,REP,8,REP,Patrick,McHenry
North Carolina,11,North Carolina's 11th,NC-11,None,0,DEM,Morris,Davis
North Carolina,11,North Carolina's 11th,NC-11,None,0,REP,Madison,Cawthorn
North Carolina,12,North Carolina's 12th,NC-12,DEM,3,DEM,Alma,Adams
North Carolina,12,North Carolina's 12th,NC-12,DEM,3,REP,None,
North Carolina,13,North Carolina's 13th,NC-13,REP,2,DEM,Scott,Huffman
North Carolina,13,North Carolina's 13th,NC-13,REP,2,REP,Tedra,Budd
North Dakota,1,North Dakota's at-large,ND-AL,REP,1,DEM,Zach,Raknerud
North Dakota,1,North Dakota's at-large,ND-AL,REP,1,REP,Kelly,Armstrong
Ohio,1,Ohio's 1st,OH-01,REP,5,DEM,Kate,Schroder
Ohio,1,Ohio's 1st,OH-01,REP,5,REP,Steve,Chabot
Ohio,2,Ohio's 2nd,OH-02,REP,4,DEM,Jaime,Castle
Ohio,2,Ohio's 2nd,OH-02,REP,4,REP,Brad,Wenstrup
Ohio,3,Ohio's 3rd,OH-03,DEM,4,DEM,Joyce,Beatty
Ohio,3,Ohio's 3rd,OH-03,DEM,4,REP,Mark,Richardson
Ohio,4,Ohio's 4th,OH-04,REP,7,DEM,Shannon,Freshour
Ohio,4,Ohio's 4th,OH-04,REP,7,REP,Jim,Jordan
Ohio,5,Ohio's 5th,OH-05,REP,6,DEM,Nick,Rubando
Ohio,5,Ohio's 5th,OH-05,REP,6,REP,Bob,Latta
Ohio,6,Ohio's 6th,OH-06,REP,5,DEM,Shawna,Roberts
Ohio,6,Ohio's 6th,OH-06,REP,5,REP,Bill,Johnson
Ohio,7,Ohio's 7th,OH-07,REP,5,DEM,Quentin,Potter
Ohio,7,Ohio's 7th,OH-07,REP,5,REP,Bob,Gibbs
Ohio,8,Ohio's 8th,OH-08,REP,3,DEM,Vanessa,Enoch
Ohio,8,Ohio's 8th,OH-08,REP,3,REP,Warren,Davidson
Ohio,9,Ohio's 9th,OH-09,DEM,19,DEM,Marcy,Kaptur
Ohio,9,Ohio's 9th,OH-09,DEM,19,REP,Rob,Weber
Ohio,10,Ohio's 10th,OH-10,REP,9,DEM,Desiree,Tims
Ohio,10,Ohio's 10th,OH-10,REP,9,REP,Mike,Turner
Ohio,11,Ohio's 11th,OH-11,DEM,7,DEM,Marcia,Fudge
Ohio,11,Ohio's 11th,OH-11,DEM,7,REP,Laverne,Gore
Ohio,12,Ohio's 12th,OH-12,REP,2,DEM,Alaina,Shearer
Ohio,12,Ohio's 12th,OH-12,REP,2,REP,Troy,Balderson
Ohio,13,Ohio's 13th,OH-13,DEM,9,DEM,Tim,Ryan
Ohio,13,Ohio's 13th,OH-13,DEM,9,REP,Christina,Hagan
Ohio,14,Ohio's 14th,OH-14,REP,4,DEM,Hillary,O'Connor Mueri
Ohio,14,Ohio's 14th,OH-14,REP,4,REP,David,Joyce
Ohio,15,Ohio's 15th,OH-15,REP,5,DEM,Joel,Newby
Ohio,15,Ohio's 15th,OH-15,REP,5,REP,Steve,Stivers
Ohio,16,Ohio's 16th,OH-16,REP,1,DEM,Aaron Paul,Godfrey
Ohio,16,Ohio's 16th,OH-16,REP,1,REP,Anthony,Gonzalez
Oklahoma,1,Oklahoma's 1st,OK-01,REP,1,DEM,Kojo,Asamoa-Caesar
Oklahoma,1,Oklahoma's 1st,OK-01,REP,1,REP,Kevin,Hern
Oklahoma,2,Oklahoma's 2nd,OK-02,REP,4,DEM,Danyell,Lanier
Oklahoma,2,Oklahoma's 2nd,OK-02,REP,4,REP,Markwayne,Mullin
Oklahoma,3,Oklahoma's 3rd,OK-03,REP,13,DEM,Zoe,Midyett
Oklahoma,3,Oklahoma's 3rd,OK-03,REP,13,REP,Frank,Lucas
Oklahoma,4,Oklahoma's 4th,OK-04,REP,9,DEM,Mary,Brannon
Oklahoma,4,Oklahoma's 4th,OK-04,REP,9,REP,Tom,Cole
Oklahoma,5,Oklahoma's 5th,OK-05,DEM,1,DEM,Kendra,Horn
Oklahoma,5,Oklahoma's 5th,OK-05,DEM,1,REP,Terry,Neese
Oregon,1,Oregon's 1st,OR-01,DEM,5,DEM,Suzanne,Bonamici
Oregon,1,Oregon's 1st,OR-01,DEM,5,REP,Christopher,Christensen
Oregon,2,Oregon's 2nd,OR-02,None,11,DEM,Alex,Spenser
Oregon,2,Oregon's 2nd,OR-02,None,11,REP,Cliff,Bentz
Oregon,3,Oregon's 3rd,OR-03,DEM,12,DEM,Earl,Blumenauer
Oregon,3,Oregon's 3rd,OR-03,DEM,12,REP,Joanna,Harbour
Oregon,4,Oregon's 4th,OR-04,DEM,17,DEM,Peter,DeFazio
Oregon,4,Oregon's 4th,OR-04,DEM,17,REP,Alek,Skarlatos
Oregon,5,Oregon's 5th,OR-05,DEM,6,DEM,Kurt,Schrader
Oregon,5,Oregon's 5th,OR-05,DEM,6,REP,Amy Ryan,Courser
Pennsylvania,1,Pennsylvania's 1st,PA-01,REP,2,DEM,Christina,Finello
Pennsylvania,1,Pennsylvania's 1st,PA-01,REP,2,REP,Brian,Fitzpatrick
Pennsylvania,2,Pennsylvania's 2nd,PA-02,DEM,3,DEM,Brendan,Boyle
Pennsylvania,2,Pennsylvania's 2nd,PA-02,DEM,3,REP,David,Torres
Pennsylvania,3,Pennsylvania's 3rd,PA-03,DEM,2,DEM,Dwight,Evans
Pennsylvania,3,Pennsylvania's 3rd,PA-03,DEM,2,REP,Michael,Harvey
Pennsylvania,4,Pennsylvania's 4th,PA-04,DEM,1,DEM,Madeleine,Dean
Pennsylvania,4,Pennsylvania's 4th,PA-04,DEM,1,REP,Kathy,Barnette
Pennsylvania,5,Pennsylvania's 5th,PA-05,DEM,1,DEM,Mary Gay,Scanlon
Pennsylvania,5,Pennsylvania's 5th,PA-05,DEM,1,REP,Dasha,Pruett
Pennsylvania,6,Pennsylvania's 6th,PA-06,DEM,1,DEM,Chrissy,Houlahan
Pennsylvania,6,Pennsylvania's 6th,PA-06,DEM,1,REP,John,Emmons
Pennsylvania,7,Pennsylvania's 7th,PA-07,DEM,1,DEM,Susan,Wild
Pennsylvania,7,Pennsylvania's 7th,PA-07,DEM,1,REP,Lisa,Scheller
Pennsylvania,8,Pennsylvania's 8th,PA-08,DEM,4,DEM,Matt,Cartwright
Pennsylvania,8,Pennsylvania's 8th,PA-08,DEM,4,REP,Jim,Bognet
Pennsylvania,9,Pennsylvania's 9th,PA-09,REP,1,DEM,Laura,Quick
Pennsylvania,9,Pennsylvania's 9th,PA-09,REP,1,REP,Dan,Meuser
Pennsylvania,10,Pennsylvania's 10th,PA-10,REP,4,DEM,Eugene,DePasquale
Pennsylvania,10,Pennsylvania's 10th,PA-10,REP,4,REP,Scott,Perry
Pennsylvania,11,Pennsylvania's 11th,PA-11,REP,2,DEM,Sarah,Hammond
Pennsylvania,11,Pennsylvania's 11th,PA-11,REP,2,REP,Lloyd,Smucker
Pennsylvania,12,Pennsylvania's 12th,PA-12,REP,1,DEM,Lee,Griffin
Pennsylvania,12,Pennsylvania's 12th,PA-12,REP,1,REP,Fred,Keller
Pennsylvania,13,Pennsylvania's 13th,PA-13,REP,1,DEM,Todd,Rowley
Pennsylvania,13,Pennsylvania's 13th,PA-13,REP,1,REP,John,Joyce
Pennsylvania,14,Pennsylvania's 14th,PA-14,REP,1,DEM,Bill,Marx
Pennsylvania,14,Pennsylvania's 14th,PA-14,REP,1,REP,Guy,Reschenthaler
Pennsylvania,15,Pennsylvania's 15th,PA-15,REP,6,DEM,Robert,Williams
Pennsylvania,15,Pennsylvania's 15th,PA-15,REP,6,REP,Glenn,Thompson
Pennsylvania,16,Pennsylvania's 16th,PA-16,REP,5,DEM,Kristy,Gnibus
Pennsylvania,16,Pennsylvania's 16th,PA-16,REP,5,REP,Mike,Kelly
Pennsylvania,17,Pennsylvania's 17th,PA-17,DEM,2,DEM,Conor,Lamb
Pennsylvania,17,Pennsylvania's 17th,PA-17,DEM,2,REP,Sean,Parnell
Pennsylvania,18,Pennsylvania's 18th,PA-18,DEM,13,DEM,Mike,Doyle
Pennsylvania,18,Pennsylvania's 18th,PA-18,DEM,13,REP,Luke Edison,Negron
Rhode Island,1,Rhode Island's 1st,RI-01,DEM,5,DEM,David,Cicilline
Rhode Island,1,Rhode Island's 1st,RI-01,DEM,5,REP,Fred,Wysocki
Rhode Island,2,Rhode Island's 2nd,RI-02,DEM,10,DEM,Jim,Langevin
Rhode Island,2,Rhode Island's 2nd,RI-02,DEM,10,REP,Robert,Lancia
South Carolina,1,South Carolina's 1st,SC-01,DEM,1,DEM,Joe,Cunningham
South Carolina,1,South Carolina's 1st,SC-01,DEM,1,REP,Nancy,Mace
South Carolina,2,South Carolina's 2nd,SC-02,REP,10,DEM,Adair Ford,Boroughs
South Carolina,2,South Carolina's 2nd,SC-02,REP,10,REP,Joe,Wilson
South Carolina,3,South Carolina's 3rd,SC-03,REP,5,DEM,Hosea,Cleveland
South Carolina,3,South Carolina's 3rd,SC-03,REP,5,REP,Jeff,Duncan
South Carolina,4,South Carolina's 4th,SC-04,REP,1,DEM,Kim,Nelson
South Carolina,4,South Carolina's 4th,SC-04,REP,1,REP,William,Timmons
South Carolina,5,South Carolina's 5th,SC-05,REP,2,DEM,Moe,Brown
South Carolina,5,South Carolina's 5th,SC-05,REP,2,REP,Ralph,Norman
South Carolina,6,South Carolina's 6th,SC-06,DEM,14,DEM,Jim,Clyburn
South Carolina,6,South Carolina's 6th,SC-06,DEM,14,REP,John,McCollum
South Carolina,7,South Carolina's 7th,SC-07,REP,4,DEM,Melissa,Watson
South Carolina,7,South Carolina's 7th,SC-07,REP,4,REP,Tom,Rice
South Dakota,1,South Dakota's at-large,SD-AL,REP,1,DEM,None,
South Dakota,1,South Dakota's at-large,SD-AL,REP,1,REP,Dusty,Johnson
Tennessee,1,Tennessee's 1st,TN-01,None,6,DEM,Blair,Walsingham
Tennessee,1,Tennessee's 1st,TN-01,None,6,REP,Diana,Harshbarger
Tennessee,2,Tennessee's 2nd,TN-02,REP,1,DEM,Chance,Brown
Tennessee,2,Tennessee's 2nd,TN-02,REP,1,REP,Tim,Burchett
Tennessee,3,Tennessee's 3rd,TN-03,REP,5,DEM,Meg,Gorman
Tennessee,3,Tennessee's 3rd,TN-03,REP,5,REP,Chuck,Fleischmann
Tennessee,4,Tennessee's 4th,TN-04,REP,5,DEM,Christopher,Hale
Tennessee,4,Tennessee's 4th,TN-04,REP,5,REP,Scott,DesJarlais
Tennessee,5,Tennessee's 5th,TN-05,DEM,9,DEM,Jim,Cooper
Tennessee,5,Tennessee's 5th,TN-05,DEM,9,REP,None,
Tennessee,6,Tennessee's 6th,TN-06,REP,1,DEM,Christopher,Finley
Tennessee,6,Tennessee's 6th,TN-06,REP,1,REP,John,Rose
Tennessee,7,Tennessee's 7th,TN-07,REP,1,DEM,Kiran,Sreepada
Tennessee,7,Tennessee's 7th,TN-07,REP,1,REP,Mark,Green
Tennessee,8,Tennessee's 8th,TN-08,REP,2,DEM,Erika,Stotts Pearson
Tennessee,8,Tennessee's 8th,TN-08,REP,2,REP,David,Kustoff
Tennessee,9,Tennessee's 9th,TN-09,DEM,7,DEM,Steve,Cohen
Tennessee,9,Tennessee's 9th,TN-09,DEM,7,REP,Charlotte,Bergmann
Texas,1,Texas's 1st,TX-01,REP,8,DEM,Hank,Gilbert
Texas,1,Texas's 1st,TX-01,REP,8,REP,Louie,Gohmert
Texas,2,Texas's 2nd,TX-02,REP,1,DEM,Sima,Ladjevardian
Texas,2,Texas's 2nd,TX-02,REP,1,REP,Dan,Crenshaw
Texas,3,Texas's 3rd,TX-03,REP,1,DEM,Lulu,Seikaly
Texas,3,Texas's 3rd,TX-03,REP,1,REP,Van,Taylor
Texas,4,Texas's 4th,TX-04,REP,3,DEM,Russell,Foster
Texas,4,Texas's 4th,TX-04,REP,3,REP,John,Ratcliffe
Texas,5,Texas's 5th,TX-05,REP,1,DEM,Carolyn,Salter
Texas,5,Texas's 5th,TX-05,REP,1,REP,Lance,Gooden
Texas,6,Texas's 6th,TX-06,REP,1,DEM,Stephen,Daniel
Texas,6,Texas's 6th,TX-06,REP,1,REP,Ron,Wright
Texas,7,Texas's 7th,TX-07,DEM,1,DEM,Lizzie,Fletcher
Texas,7,Texas's 7th,TX-07,DEM,1,REP,Wesley,Hunt
Texas,8,Texas's 8th,TX-08,REP,12,DEM,Elizabeth,Hernandez
Texas,8,Texas's 8th,TX-08,REP,12,REP,Kevin,Brady
Texas,9,Texas's 9th,TX-09,DEM,8,DEM,Al,Green
Texas,9,Texas's 9th,TX-09,DEM,8,REP,Johnny,Teague
Texas,10,Texas's 10th,TX-10,REP,8,DEM,Mike,Siegel
Texas,10,Texas's 10th,TX-10,REP,8,REP,Michael,McCaul
Texas,11,Texas's 11th,TX-11,None,8,DEM,Jon Mark,Hogg
Texas,11,Texas's 11th,TX-11,None,8,REP,August,Pfluger
Texas,12,Texas's 12th,TX-12,REP,12,DEM,Lisa,Welch
Texas,12,Texas's 12th,TX-12,REP,12,REP,Kay,Granger
Texas,13,Texas's 13th,TX-13,REP,13,DEM,Gus,Trujillo
Texas,13,Texas's 13th,TX-13,REP,13,REP,Ronny,Jackson
Texas,14,Texas's 14th,TX-14,REP,4,DEM,Adrienne,Bell
Texas,14,Texas's 14th,TX-14,REP,4,REP,Randy,Weber
Texas,15,Texas's 15th,TX-15,DEM,2,DEM,Vicente,González
Texas,15,Texas's 15th,TX-15,DEM,2,REP,Monica,de la Cruz-Hernandez
Texas,16,Texas's 16th,TX-16,DEM,1,DEM,Veronica,Escobar
Texas,16,Texas's 16th,TX-16,DEM,1,REP,Irene,Armendariz-Jackson
Texas,17,Texas's 17th,TX-17,None,5,DEM,Rick,Kennedy
Texas,17,Texas's 17th,TX-17,None,5,REP,Pete,Sessions
Texas,18,Texas's 18th,TX-18,DEM,13,DEM,Sheila,Jackson Lee
Texas,18,Texas's 18th,TX-18,DEM,13,REP,Wendell,Champion
Texas,19,Texas's 19th,TX-19,REP,2,DEM,Tom,Watson
Texas,19,Texas's 19th,TX-19,REP,2,REP,Jodey,Arrington
Texas,20,Texas's 20th,TX-20,DEM,4,DEM,Joaquín,Castro
Texas,20,Texas's 20th,TX-20,DEM,4,REP,Mauro,Garza
Texas,21,Texas's 21st,TX-21,REP,1,DEM,Wendy,Davis
Texas,21,Texas's 21st,TX-21,REP,1,REP,Chip,Roy
Texas,22,Texas's 22nd,TX-22,None,6,DEM,Sri,Kulkarni
Texas,22,Texas's 22nd,TX-22,None,6,REP,Pete,Olson
Texas,23,Texas's 23rd,TX-23,None,3,DEM,Gina,Ortiz Jones
Texas,23,Texas's 23rd,TX-23,None,3,REP,Tony,Gonzales
Texas,24,Texas's 24th,TX-24,None,8,DEM,Candace,Valenzuela
Texas,24,Texas's 24th,TX-24,None,8,REP,Beth,Van Duyne
Texas,25,Texas's 25th,TX-25,REP,4,DEM,Julie,Oliver
Texas,25,Texas's 25th,TX-25,REP,4,REP,Roger,Williams
Texas,26,Texas's 26th,TX-26,REP,9,DEM,Carolyn,Iannuzzi
Texas,26,Texas's 26th,TX-26,REP,9,REP,Michael,Burgess
Texas,27,Texas's 27th,TX-27,REP,2,DEM,Ricardo,de la Fuente
Texas,27,Texas's 27th,TX-27,REP,2,REP,Michael,Cloud
Texas,28,Texas's 28th,TX-28,DEM,8,DEM,Henry,Cuellar
Texas,28,Texas's 28th,TX-28,DEM,8,REP,Sandra,Whitten
Texas,29,Texas's 29th,TX-29,DEM,1,DEM,Sylvia,Garcia
Texas,29,Texas's 29th,TX-29,DEM,1,REP,Jaimy,Blanco
Texas,30,Texas's 30th,TX-30,DEM,14,DEM,Eddie Bernice,Johnson
Texas,30,Texas's 30th,TX-30,DEM,14,REP,Tre,Pennie
Texas,31,Texas's 31st,TX-31,REP,9,DEM,Donna,Imam
Texas,31,Texas's 31st,TX-31,REP,9,REP,John,Carter
Texas,32,Texas's 32nd,TX-32,DEM,1,DEM,Colin,Allred
Texas,32,Texas's 32nd,TX-32,DEM,1,REP,Genevieve,Collins
Texas,33,Texas's 33rd,TX-33,DEM,4,DEM,Marc,Veasey
Texas,33,Texas's 33rd,TX-33,DEM,4,REP,Fabian,Vasquez
Texas,34,Texas's 34th,TX-34,DEM,4,DEM,Filemon,Vela
Texas,34,Texas's 34th,TX-34,DEM,4,REP,Rey,Gonzalez
Texas,35,Texas's 35th,TX-35,DEM,13,DEM,Lloyd,Doggett
Texas,35,Texas's 35th,TX-35,DEM,13,REP,Jenny,Sharon
Texas,36,Texas's 36th,TX-36,REP,3,DEM,Rashad,Lewis
Texas,36,Texas's 36th,TX-36,REP,3,REP,Brian,Babin
Utah,1,Utah's 1st,UT-01,None,9,DEM,Darren,Parry
Utah,1,Utah's 1st,UT-01,None,9,REP,Blake,Moore
Utah,2,Utah's 2nd,UT-02,REP,4,DEM,Kael,Weston
Utah,2,Utah's 2nd,UT-02,REP,4,REP,Chris,Stewart
Utah,3,Utah's 3rd,UT-03,REP,2,DEM,Devin,Thorpe
Utah,3,Utah's 3rd,UT-03,REP,2,REP,John,Curtis
Utah,4,Utah's 4th,UT-04,DEM,1,DEM,Ben,McAdams
Utah,4,Utah's 4th,UT-04,DEM,1,REP,Burgess,Owens
Vermont,1,Vermont's at-large,VT-AL,DEM,7,DEM,Peter,Welch
Vermont,1,Vermont's at-large,VT-AL,DEM,7,REP,Miriam,Berry
Virginia,1,Virginia's 1st,VA-01,REP,7,DEM,Qasim,Rashid
Virginia,1,Virginia's 1st,VA-01,REP,7,REP,Rob,Wittman
Virginia,2,Virginia's 2nd,VA-02,DEM,1,DEM,Elaine,Luria
Virginia,2,Virginia's 2nd,VA-02,DEM,1,REP,Scott,Taylor
Virginia,3,Virginia's 3rd,VA-03,DEM,14,DEM,Bobby,Scott
Virginia,3,Virginia's 3rd,VA-03,DEM,14,REP,John,Collick
Virginia,4,Virginia's 4th,VA-04,DEM,2,DEM,Donald,McEachin
Virginia,4,Virginia's 4th,VA-04,DEM,2,REP,Leon,Benjamin
Virginia,5,Virginia's 5th,VA-05,None,1,DEM,Cameron,Webb
Virginia,5,Virginia's 5th,VA-05,None,1,REP,Bob,Good
Virginia,6,Virginia's 6th,VA-06,REP,1,DEM,Nicholas,Betts
Virginia,6,Virginia's 6th,VA-06,REP,1,REP,Ben,Cline
Virginia,7,Virginia's 7th,VA-07,DEM,1,DEM,Abigail,Spanberger
Virginia,7,Virginia's 7th,VA-07,DEM,1,REP,Nick,Freitas
Virginia,8,Virginia's 8th,VA-08,DEM,3,DEM,Don,Beyer
Virginia,8,Virginia's 8th,VA-08,DEM,3,REP,Jeff,Jordan
Virginia,9,Virginia's 9th,VA-09,REP,5,DEM,None,
Virginia,9,Virginia's 9th,VA-09,REP,5,REP,Morgan,Griffith
Virginia,10,Virginia's 10th,VA-10,DEM,1,DEM,Jennifer,Wexton
Virginia,10,Virginia's 10th,VA-10,DEM,1,REP,Aliscia,Andrews
Virginia,11,Virginia's 11th,VA-11,DEM,6,DEM,Gerry,Connolly
Virginia,11,Virginia's 11th,VA-11,DEM,6,REP,Manga,Anantatmula
Washington,1,Washington's 1st,WA-01,DEM,4,DEM,Suzanne,DelBene
Washington,1,Washington's 1st,WA-01,DEM,4,REP,Jeffrey,Beeler
Washington,2,Washington's 2nd,WA-02,DEM,10,DEM,Rick,Larsen
Washington,2,Washington's 2nd,WA-02,DEM,10,REP,Tim,Hazelo
Washington,3,Washington's 3rd,WA-03,REP,5,DEM,Carolyn,Long
Washington,3,Washington's 3rd,WA-03,REP,5,REP,Jaime,Herrera Beutler
Washington,4,Washington's 4th,WA-04,REP,3,DEM,Doug,McKinley
Washington,4,Washington's 4th,WA-04,REP,3,REP,Dan,Newhouse
Washington,5,Washington's 5th,WA-05,REP,8,DEM,Christopher,Armitage
Washington,5,Washington's 5th,WA-05,REP,8,REP,Cathy,McMorris Rodgers
Washington,6,Washington's 6th,WA-06,DEM,4,DEM,Derek,Kilmer
Washington,6,Washington's 6th,WA-06,DEM,4,REP,Elizabeth,Kreiselmaier
Washington,7,Washington's 7th,WA-07,DEM,2,DEM,Pramila,Jayapal
Washington,7,Washington's 7th,WA-07,DEM,2,REP,Brian,Martin
Washington,8,Washington's 8th,WA-08,DEM,1,DEM,Kim,Schrier
Washington,8,Washington's 8th,WA-08,DEM,1,REP,Jesse,Jensen
Washington,9,Washington's 9th,WA-09,DEM,12,DEM,Adam,Smith
Washington,9,Washington's 9th,WA-09,DEM,12,REP,Doug,Balser
Washington,10,Washington's 10th,WA-10,None,4,DEM,Marilyn,Strickland
Washington,10,Washington's 10th,WA-10,None,4,REP,None,
West Virginia,1,West Virginia's 1st,WV-01,REP,5,DEM,Natalie,Cline
West Virginia,1,West Virginia's 1st,WV-01,REP,5,REP,David,McKinley
West Virginia,2,West Virginia's 2nd,WV-02,REP,3,DEM,Cathy,Kunkel
West Virginia,2,West Virginia's 2nd,WV-02,REP,3,REP,Alex,Mooney
West Virginia,3,West Virginia's 3rd,WV-03,REP,1,DEM,Hillary,Turner
West Virginia,3,West Virginia's 3rd,WV-03,REP,1,REP,Carol,Miller
Wisconsin,1,Wisconsin's 1st,WI-01,REP,1,DEM,Roger,Polack
Wisconsin,1,Wisconsin's 1st,WI-01,REP,1,REP,Bryan,Steil
Wisconsin,2,Wisconsin's 2nd,WI-02,DEM,4,DEM,Mark,Pocan
Wisconsin,2,Wisconsin's 2nd,WI-02,DEM,4,REP,Peter,Theron
Wisconsin,3,Wisconsin's 3rd,WI-03,DEM,12,DEM,Ron,Kind
Wisconsin,3,Wisconsin's 3rd,WI-03,DEM,12,REP,Derrick,Van Orden
Wisconsin,4,Wisconsin's 4th,WI-04,DEM,8,DEM,Gwen,Moore
Wisconsin,4,Wisconsin's 4th,WI-04,DEM,8,REP,Tim,Rogers
Wisconsin,5,Wisconsin's 5th,WI-05,None,21,DEM,Tom,Palzewicz
Wisconsin,5,Wisconsin's 5th,WI-05,None,21,REP,Scott,Fitzgerald
Wisconsin,6,Wisconsin's 6th,WI-06,REP,3,DEM,Jessica,King
Wisconsin,6,Wisconsin's 6th,WI-06,REP,3,REP,Glenn,Grothman
Wisconsin,7,Wisconsin's 7th,WI-07,REP,1,DEM,Tricia,Zunker
Wisconsin,7,Wisconsin's 7th,WI-07,REP,1,REP,Tom,Tiffany
Wisconsin,8,Wisconsin's 8th,WI-08,REP,1,DEM,Amanda,Stuck
Wisconsin,8,Wisconsin's 8th,WI-08,REP,1,REP,Mike,Gallagher
Wyoming,1,Wyoming's at-large,WY-AL,REP,2,DEM,Lynnette,Grey Bull
Wyoming,1,Wyoming's at-large,WY-AL,REP,2,REP,Liz,Cheney
